{"cameraMode":{"drawMode":0,"name":"Shaded","section":"Shading Mode"},"sceneLighting":false,"audioPlay":false,"sceneViewState":{"m_AlwaysRefresh":false,"showFog":true,"showSkybox":false,"showFlares":true,"showImageEffects":true,"showParticleSystems":true,"showVisualEffectGraphs":true,"m_FxEnabled":true},"in2DMode":false,"pivot":{"x":0.10709532350301743,"y":4.052258014678955,"z":-2.0019631385803224},"rotation":{"x":0.6047450304031372,"y":0.009556062519550324,"z":-0.007257466204464436,"w":0.7963296175003052},"size":0.8063533902168274,"orthographic":false}