{"cameraMode":{"drawMode":0,"name":"Shaded","section":"Shading Mode"},"sceneLighting":false,"audioPlay":false,"sceneViewState":{"m_AlwaysRefresh":false,"showFog":true,"showSkybox":false,"showFlares":true,"showImageEffects":true,"showParticleSystems":true,"showVisualEffectGraphs":true,"m_FxEnabled":true},"in2DMode":false,"pivot":{"x":-0.7387914657592773,"y":-0.07261466979980469,"z":0.5810772180557251},"rotation":{"x":0.02192000113427639,"y":0.7176949977874756,"z":-0.02261495590209961,"w":0.6956419348716736},"size":1.1087520122528077,"orthographic":false}