{"cameraMode":{"drawMode":0,"name":"Shaded","section":"Shading Mode"},"sceneLighting":false,"audioPlay":false,"sceneViewState":{"m_AlwaysRefresh":false,"showFog":true,"showSkybox":false,"showFlares":true,"showImageEffects":true,"showParticleSystems":true,"showVisualEffectGraphs":true,"m_FxEnabled":true},"in2DMode":false,"pivot":{"x":2.375746965408325,"y":0.22714293003082276,"z":1.2517696619033814},"rotation":{"x":0.05089721828699112,"y":0.4484958052635193,"z":-0.025591999292373658,"w":0.8919680118560791},"size":2.708150625228882,"orthographic":false}