{"cameraMode":{"drawMode":0,"name":"Shaded","section":"Shading Mode"},"sceneLighting":true,"audioPlay":false,"sceneViewState":{"m_AlwaysRefresh":false,"showFog":true,"showSkybox":true,"showFlares":true,"showImageEffects":true,"showParticleSystems":true,"showVisualEffectGraphs":true,"m_FxEnabled":true},"in2DMode":false,"pivot":{"x":2.2944395542144777,"y":-0.05282294750213623,"z":1.0266367197036744},"rotation":{"x":0.5666041374206543,"y":0.0061797876842319969,"z":-0.0042496114037930969,"w":0.8239561319351196},"size":17.328567504882814,"orthographic":true}