{"cameraMode":{"drawMode":0,"name":"Shaded","section":"Shading Mode"},"sceneLighting":true,"audioPlay":false,"sceneViewState":{"m_AlwaysRefresh":false,"showFog":true,"showSkybox":true,"showFlares":true,"showImageEffects":true,"showParticleSystems":true,"showVisualEffectGraphs":true,"m_FxEnabled":true},"in2DMode":false,"pivot":{"x":258.1962585449219,"y":222.7395782470703,"z":-0.31854248046875},"rotation":{"x":0.001499992678873241,"y":0.002999992109835148,"z":-0.000004499991518969182,"w":0.9999943375587463},"size":213.9422149658203,"orthographic":true}