{"cameraMode":{"drawMode":0,"name":"Shaded","section":"Shading Mode"},"sceneLighting":true,"audioPlay":false,"sceneViewState":{"m_AlwaysRefresh":false,"showFog":true,"showSkybox":true,"showFlares":true,"showImageEffects":true,"showParticleSystems":true,"showVisualEffectGraphs":true,"m_FxEnabled":true},"in2DMode":false,"pivot":{"x":682.9773559570313,"y":0.6858253479003906,"z":-53.815521240234378},"rotation":{"x":0.4915706515312195,"y":-0.003918744623661041,"z":0.002212083199992776,"w":0.8708261251449585},"size":80.98461151123047,"orthographic":false}