{"cameraMode":{"drawMode":0,"name":"Shaded","section":"Shading Mode"},"sceneLighting":true,"audioPlay":false,"sceneViewState":{"m_AlwaysRefresh":false,"showFog":true,"showSkybox":true,"showFlares":true,"showImageEffects":true,"showParticleSystems":true,"showVisualEffectGraphs":true,"m_FxEnabled":true},"in2DMode":false,"pivot":{"x":0.1163526326417923,"y":2.9567508697509767,"z":-2.7251110076904299},"rotation":{"x":0.1281149536371231,"y":0.29031190276145937,"z":-0.039255931973457339,"w":0.9475083351135254},"size":1.611466646194458,"orthographic":false}