{"cameraMode":{"drawMode":0,"name":"Shaded","section":"Shading Mode"},"sceneLighting":false,"audioPlay":false,"sceneViewState":{"m_AlwaysRefresh":false,"showFog":true,"showSkybox":false,"showFlares":true,"showImageEffects":true,"showParticleSystems":true,"showVisualEffectGraphs":true,"m_FxEnabled":true},"in2DMode":false,"pivot":{"x":-2.0513837337493898,"y":0.11050575971603394,"z":-0.8346154689788818},"rotation":{"x":0.126042902469635,"y":0.8589611053466797,"z":-0.2538931965827942,"w":0.42642349004745486},"size":1.7904925346374512,"orthographic":false}