{"cameraMode":{"drawMode":0,"name":"Shaded","section":"Shading Mode"},"sceneLighting":false,"audioPlay":false,"sceneViewState":{"m_AlwaysRefresh":false,"showFog":true,"showSkybox":false,"showFlares":true,"showImageEffects":true,"showParticleSystems":true,"showVisualEffectGraphs":true,"m_FxEnabled":true},"in2DMode":false,"pivot":{"x":-0.7136968970298767,"y":0.4414321780204773,"z":-1.1336809396743775},"rotation":{"x":0.06303669512271881,"y":0.7099273204803467,"z":-0.06406648457050324,"w":0.6985158324241638},"size":1.7904925346374512,"orthographic":false}