{"cameraMode":{"drawMode":0,"name":"Shaded","section":"Shading Mode"},"sceneLighting":false,"audioPlay":false,"sceneViewState":{"m_AlwaysRefresh":false,"showFog":true,"showSkybox":false,"showFlares":true,"showImageEffects":true,"showParticleSystems":true,"showVisualEffectGraphs":true,"m_FxEnabled":true},"in2DMode":false,"pivot":{"x":0.3476603329181671,"y":-0.057375676929950717,"z":-1.4451009035110474},"rotation":{"x":0.43825528025627139,"y":0.028305768966674806,"z":-0.013809604570269585,"w":0.8982988595962524},"size":1.783446192741394,"orthographic":false}